Method, Threads, Runtime, Error, Utility
4, 1, 87, 0.0122867, 6.34675
0, 0, 80, 0, 0
4, 2, 72, 0.0306775, 5.02668
0, 0, 82, 0, 0
4, 3, 89, 0.0494042, 4.33922
0, 0, 81, 0, 0
4, 4, 93, 0.0495748, 4.33425
0, 0, 78, 0, 0
4, 5, 136, 0.0691163, 3.85483
0, 0, 80, 0, 0
4, 6, 145, 0.0549295, 4.18628
0, 0, 79, 0, 0
4, 7, 171, 0.0623528, 4.0034
0, 0, 83, 0, 0
4, 8, 230, 0.06288, 3.99125
0, 0, 82, 0, 0
