Method, Threads, Runtime, Error, Utility
3, 1, 86, 0.0133485, 6.22718
0, 0, 80, 0, 0
3, 2, 78, 0.0263903, 5.24385
0, 0, 77, 0, 0
3, 3, 111, 0.0257867, 5.27723
0, 0, 80, 0, 0
3, 4, 139, 0.0553604, 4.175
0, 0, 78, 0, 0
3, 5, 170, 0.0492294, 4.34434
0, 0, 83, 0, 0
3, 6, 190, 0.0473104, 4.4017
0, 0, 81, 0, 0
3, 7, 197, 0.0583192, 4.09988
0, 0, 80, 0, 0
3, 8, 235, 0.0559183, 4.16054
0, 0, 83, 0, 0
